Filename,Seq,Class
Input files forAssignment 4/proteinSequenceFile1.csv,NLKHQPGGGKVQIVYKPVDLSKVTSKCGSLGNIHHKPGGGQVE,
Input files forAssignment 4/proteinSequenceFile1.csv,PG33GKVQIVEKPV,+
Input files forAssignment 4/proteinSequenceFile1.csv,KDRVQSKIGSLDNITHVPGGGN,
Input files forAssignment 4/proteinSequenceFile1.csv,QTAPVPMPDLKNVKSKIGSTE,
Input files forAssignment 4/proteinSequenceFile1.csv,KPVDLSKVTSKCGSLGNIHHKPGGGQVEVKSEKLDF,
Input files forAssignment 4/proteinSequenceFile1.csv,PGGGKN8EVYKPV,+
Input files forAssignment 4/proteinSequenceFile1.csv,QTAPVPMPDLKNVKSKIGS67ENLKHQPGGGKVQIVY,+
Input files forAssignment 4/proteinSequenceFile1.csv,PGGG5VQIVYKPV,-
Input files forAssignment 4/proteinSequenceFile1.csv,,+
